{
  "project_info": {
    "project_number": "507773250821",
    "firebase_url": "https://fir-database-35959-default-rtdb.firebaseio.com",
    "project_id": "fir-database-35959",
    "storage_bucket": "fir-database-35959.appspot.com"
  },
  "client": [
    {
      "client_info": {
        "mobilesdk_app_id": "1:507773250821:android:a0a7886954847f04f29b6c",
        "android_client_info": {
          "package_name": "com.example.firebaserealtimedatabase"
        }
      },
      "oauth_client": [],
      "api_key": [
        {
          "current_key": "AIzaSyBKnDFO9OpiCmXXM_52ZJAXljvd-2MFRG8"
        }
      ],
      "services": {
        "appinvite_service": {
          "other_platform_oauth_client": []
        }
      }
    },
    {
      "client_info": {
        "mobilesdk_app_id": "1:507773250821:android:f4a551559fb0a473f29b6c",
        "android_client_info": {
          "package_name": "com.latihan.firebasedatabase"
        }
      },
      "oauth_client": [],
      "api_key": [
        {
          "current_key": "AIzaSyBKnDFO9OpiCmXXM_52ZJAXljvd-2MFRG8"
        }
      ],
      "services": {
        "appinvite_service": {
          "other_platform_oauth_client": []
        }
      }
    }
  ],
  "configuration_version": "1"
}